INSERT INTO users(id, name, age)
VALUES (1, 'Barbara', 31), (2, 'Rose', 65), (3, 'Jane', 29), (4, 'Kit', 23), (5, 'Sam', 4), (6, 'Lina', 69), (7, 'Kara', 11), (8, 'Pete', 9), (9, 'Ane', 29), (10, 'Kitty', 23), (11, 'Samuel', 78), (12, 'Linda', 59), (13, 'Joey', 10), (14, 'Lisa', 23), (15, 'Amie', 4), (16, 'Leona', 6),(17, 'Kloe', 5),
(18, 'Nancy', 11),(19, 'Jason', 19), (20, 'Sandy', 3);


INSERT INTO projects(id, title, category, funding_goal, start_date, end_date)
VALUES (1, "yaas", "A", 2000, 20201619, 20201219), (2, "mas", "B", 40000, 20190119, 20211219), (3, "ssss", "C", 7000, 20200819, 20221219), (4, "poos", "A", 20000, 20210616, 20221119), (5, "yipas", "c", 500, 19901119, 19901219),(6, "lloo", "B", 80000, 20210719, 20211219), (7, "lonely girl in the world", "Angel", 50000, 20200104, 20201219),(8, "yolo", "buck if you nuck", 1000000, 20200612, 20211216), (9, "bye bye bye", "Angel", 2000000, 20200119, 20201219),(10, "little piggy", "C", 50000000, 20211119, 20221219);



INSERT INTO pledges (id, amount, user_id, project_id) 
VALUES 
(1, 5000, 2, 1),
(2, 400, 6, 3),
(3, 600, 3, 5),
(4, 300, 5, 6),
(5, 9000, 1, 9),
(6,1000, 2, 4),
(7, 200, 10, 10), 
(8, 5000, 2, 1),
(9, 400, 6, 3),
(10, 600, 3, 5),
(11, 300, 15, 6),
(12, 9000, 9, 9),
(13,1000, 12, 1),
(14, 200, 5, 2),
(15, 5000, 2, 1),
(16, 400, 6, 3),
(17, 600, 3, 5),
(18, 300, 5, 6),
(19, 9000, 11, 9),
(20,1000, 2, 7),
(21, 200, 5, 10),
(22, 5000, 13, 5),
(23, 400, 14, 6),
(24, 600, 3, 5),
(25, 300, 4, 7),
(26, 9000, 14, 9),
(27,1000, 20, 8),
(28, 200, 15, 10),
(29, 5000, 12, 1),
(30, 400, 16, 3);
